750301955499,Aderezo Aguacate-Habanero 250 ml
750301955462,Aderezo Mango Thai Vegetalistos Pza 254
8983650042,Aderezo Moztaza Provenza 250 ml
750302430041,Aderezo Soya Lim√≥n Lionali Pz 263g
750300612803,Aderezo Tamarindo Leonali pz 250 ml
750300404669,Betabel Rallado Vegetalistos Bolsa 390
750300404618,Ensalada Oriental Bolsa Pz
7231005847,Ens Antioxidante Leonali 210 Grs
77093408265,Ens Super Food 5 Vegetalistos Bolsa 200
750301955489,Espinaca Baby Bolsa 250 Gr
750301955497,Jicama Precortada 454 gr
750301955444,Kale Superfood Leonali Pz 150 Gr
750301955495,Zanahoria Baby 340 grs
750302430006,Zanahoria Rallada 340 Gr
750300021707,ENS RANCH 226 GR
750301955495,ZANAHORIA BABY 150G
750300404618,ENSALADA ORIENTAL VEGETALISTOS 300 GR P
750300404669,BETABEL LEONALI RAYADO BOL 390GR
750301955497,JICAMA BASTONES 150G
