00750301955499,Aderezo Aguacate-Habanero 250 ml
00750301955462,Aderezo Mango Thai Vegetalistos Pza 254
00500028105626,Aderezo Moztaza Provenza 250 ml
00500028105626,Aderezo Tamarindo Leonali pz 250 ml
00750300404669,Betabel Rallado Vegetalistos Bolsa 390
00750300404618,Ensalada Oriental Bolsa Pz
00001018103285,Ens Antioxidante Leonali 210 Grs
00750301955488,Ens Super Food 5 Vegetalistos Bolsa 200
00750179166766,Espinaca Baby Bolsa 250 Gr
00750301955497,Jicama Precortada 454 gr
00750301955444,Kale Superfood Leonali Pz 150 Gr
00750179166767,Zanahoria Baby 340 grs
00750302430006,Zanahoria Rallada 340 Gr
00750301955438,ENS RANCH 226 GR
00750179166767,ZANAHORIA BABY 150G
00750300404618,ENSALADA ORIENTAL VEGETALISTOS 300 GR P
00020195400000,BETABEL LEONALI RAYADO BOL 390GR
00750301955403,JICAMA BASTONES 150G
